<?xml version="1.0" encoding="UTF-8" ?>
<x:xmpmeta xmlns:x="adobe:ns:meta/">
    <rdf:RDF xmlns:rdf="http://www.w3.org/1999/02/22-rdf-syntax-ns#">
        <rdf:Description rdf:about="" xmlns="http://namespace.corel.com/Cdr/metadata">
            <FontsUsed>
                <rdf:Bag>
                    <rdf:li>Arial</rdf:li>
                    <rdf:li>MS Gothic</rdf:li>
                    <rdf:li>Times New Roman</rdf:li>
                </rdf:Bag>
            </FontsUsed>
            <CoreVersion>1500</CoreVersion>
            <Keywords />
            <Notes />
            <Author>Admin</Author>
            <Subject />
            <Copyright />
            <Revision>1</Revision>
            <LastAuthor>Admin</LastAuthor>
            <Sided />
            <Folds />
            <Type />
            <Industry />
            <ProductId>0</ProductId>
            <ProductName>CorelDRAW</ProductName>
            <AppVersion>2450</AppVersion>
            <BuildNumber>731</BuildNumber>
            <Platform>0</Platform>
            <Locale>1033</Locale>
            <RiffCompressionRatio>0</RiffCompressionRatio>
            <EmbeddedOleObjects>0</EmbeddedOleObjects>
            <FontsEmbedded>0</FontsEmbedded>
            <Language>1033</Language>
            <DocID>89d623e2-c35a-485b-ab34-5015511b73ca</DocID>
            <NumPages>1</NumPages>
            <NumLayers>1</NumLayers>
            <PageWidth>2159000</PageWidth>
            <PageHeight>2794000</PageHeight>
            <PageDimensions>8.5 x 11 in</PageDimensions>
            <PageSizeName>Letter</PageSizeName>
            <PageOrientation>1</PageOrientation>
            <ResolutionX>300</ResolutionX>
            <ResolutionY>300</ResolutionY>
            <Effects>
                <Perspective>0</Perspective>
                <Envelope>0</Envelope>
                <DropShadow>0</DropShadow>
                <Blend>0</Blend>
                <Extrude>0</Extrude>
                <Bevel>0</Bevel>
                <Contour>0</Contour>
                <PowerClip>0</PowerClip>
                <Clone>0</Clone>
                <Lens>0</Lens>
                <Transparency>0</Transparency>
                <Distortion>0</Distortion>
            </Effects>
            <Objects>
                <Total>30</Total>
                <Group>6</Group>
                <Curve>10</Curve>
                <Rect>0</Rect>
                <Bitmap>6</Bitmap>
                <Ellipse>0</Ellipse>
                <MeshFill>0</MeshFill>
                <Polygon>0</Polygon>
                <OLE>
                    <Linked>0</Linked>
                    <Embedded>0</Embedded>
                </OLE>
                <Guideline>0</Guideline>
                <Symbol>
                    <Definitions>0</Definitions>
                    <Instances>0</Instances>
                </Symbol>
                <Text>14</Text>
            </Objects>
            <CurveInfo>
                <Subpaths>1</Subpaths>
                <Nodes>64</Nodes>
                <MaxNodes>10</MaxNodes>
            </CurveInfo>
            <BitmapInfo>
                <Types>
                    <rdf:Bag>
                        <rdf:li>3</rdf:li>
                        <rdf:li>4</rdf:li>
                    </rdf:Bag>
                </Types>
                <LinkPaths>
                    <rdf:Bag />
                </LinkPaths>
            </BitmapInfo>
            <TextInfo>
                <ParagraphText>0</ParagraphText>
                <ArtisticText>14</ArtisticText>
                <Frames>0</Frames>
                <EmptyFrames>0</EmptyFrames>
                <Paragraphs>0</Paragraphs>
                <Lines>14</Lines>
                <Words>34</Words>
                <Characters>117</Characters>
                <DocFormatterId>1500</DocFormatterId>
                <Languages>
                    <rdf:Bag>
                        <rdf:li>1033</rdf:li>
                    </rdf:Bag>
                </Languages>
            </TextInfo>
            <Styles>
                <rdf:Bag />
            </Styles>
            <Fills>
                <None>7</None>
                <Uniform>23</Uniform>
                <Fountain>0</Fountain>
                <Texture>0</Texture>
                <Postscript>0</Postscript>
                <Hatch>0</Hatch>
                <Pattern>0</Pattern>
                <Colors>
                    <rdf:Bag>
                        <rdf:li>CMYK</rdf:li>
                        <rdf:li>CMYK255</rdf:li>
                    </rdf:Bag>
                </Colors>
                <Palettes>
                    <rdf:Bag />
                </Palettes>
                <SpotColors>
                    <rdf:Bag />
                </SpotColors>
            </Fills>
            <Outlines>
                <None>26</None>
                <Solid>4</Solid>
                <Dashed>0</Dashed>
                <Enhanced>0</Enhanced>
                <BehindFill>0</BehindFill>
                <ScalePen>0</ScalePen>
                <Hairline>0</Hairline>
                <Colors>
                    <rdf:Bag>
                        <rdf:li>CMYK</rdf:li>
                    </rdf:Bag>
                </Colors>
                <Palettes>
                    <rdf:Bag />
                </Palettes>
                <SpotColors>
                    <rdf:Bag />
                </SpotColors>
            </Outlines>
            <ClipRect bottom="-7707309" left="-12004552" right="24484672" top="4659049" />
            <Color>
                <Profiles>
                    <Rgb>
                        <Name>sRGB IEC61966-2.1</Name>
                    </Rgb>
                    <Cmyk>
                        <Name>U.S. Web Coated (SWOP) v2</Name>
                    </Cmyk>
                    <Grayscale>
                        <Name>Dot Gain 20%</Name>
                    </Grayscale>
                </Profiles>
            </Color>
            <colorMode>1</colorMode>
            <renderingIntent>1</renderingIntent>
            <Properties />
        </rdf:Description>
    </rdf:RDF>
</x:xmpmeta>
