<?xml version="1.0" encoding="UTF-8" ?>
<x:xmpmeta xmlns:x="adobe:ns:meta/">
    <rdf:RDF xmlns:rdf="http://www.w3.org/1999/02/22-rdf-syntax-ns#">
        <rdf:Description rdf:about="" xmlns="http://namespace.corel.com/Cdr/metadata">
            <TextStream>
                <TextRun break="para" lang="1033">26 X 19</TextRun>
            </TextStream>
            <TextStream>
                <TextRun break="para" lang="1033">SM</TextRun>
            </TextStream>
            <TextStream>
                <TextRun break="para" lang="1033">Acrylic Letter</TextRun>
            </TextStream>
            <TextStream>
                <TextRun break="para" lang="1033">46 x 100 = 4600/-</TextRun>
            </TextStream>
            <TextStream>
                <TextRun break="para" lang="1033">Acrylic Letter</TextRun>
            </TextStream>
            <TextStream>
                <TextRun break="para" lang="1033">46 x 100 = 4600/-</TextRun>
            </TextStream>
            <TextStream>
                <TextRun break="para" lang="1033">23 X 17</TextRun>
            </TextStream>
            <TextStream>
                <TextRun break="para" lang="1033">42 INCH</TextRun>
            </TextStream>
            <TextStream>
                <TextRun break="para" lang="1033">62 INCH</TextRun>
            </TextStream>
            <TextStream>
                <TextRun break="para" lang="1033">23 X 17</TextRun>
            </TextStream>
            <TextStream>
                <TextRun break="para" lang="1033">30 INCH</TextRun>
            </TextStream>
            <TextStream>
                <TextRun break="para" lang="1033">30 INCH</TextRun>
            </TextStream>
            <TextStream>
                <TextRun break="para" lang="1033">SM</TextRun>
            </TextStream>
            <TextStream>
                <TextRun break="para" lang="1033">SM</TextRun>
            </TextStream>
            <ObjectNames>
                <rdf:Bag>
                    <rdf:li>Layer 2</rdf:li>
                </rdf:Bag>
            </ObjectNames>
            <LayerNames>
                <rdf:Bag>
                    <rdf:li>Layer 1</rdf:li>
                </rdf:Bag>
            </LayerNames>
            <PageNames>
                <rdf:Bag />
            </PageNames>
        </rdf:Description>
    </rdf:RDF>
</x:xmpmeta>
